{
  "base_side": 25.0,
  "axis_length": 50.00000000000001,
  "axis_angle_hp_deg": 30.00000000000001,
  "axis_parallel_vp": true,
  "center": [
    10.825317547305485,
    0,
    18.75
  ],
  "apex": [
    -32.47595264191645,
    0,
    43.75000000000001
  ],
  "vertices": [
    [
      0.0,
      -12.5,
      0.0
    ],
    [
      0.0,
      12.5,
      0.0
    ],
    [
      10.825317547305485,
      25.0,
      18.75
    ],
    [
      21.65063509461097,
      12.5,
      37.5
    ],
    [
      21.65063509461097,
      -12.5,
      37.5
    ],
    [
      10.825317547305485,
      -25.0,
      18.75
    ],
    [
      -32.47595264191645,
      0,
      43.75000000000001
    ]
  ],
  "fv_visible": [
    [
      1,
      2
    ],
    [
      2,
      3
    ],
    [
      1,
      6
    ],
    [
      2,
      6
    ],
    [
      3,
      6
    ]
  ],
  "fv_hidden": [
    [
      0,
      1
    ],
    [
      3,
      4
    ],
    [
      4,
      5
    ],
    [
      5,
      0
    ],
    [
      0,
      6
    ],
    [
      4,
      6
    ],
    [
      5,
      6
    ]
  ],
  "tv_visible": [
    [
      2,
      3
    ],
    [
      3,
      4
    ],
    [
      4,
      5
    ],
    [
      2,
      6
    ],
    [
      3,
      6
    ],
    [
      4,
      6
    ],
    [
      5,
      6
    ]
  ],
  "tv_hidden": [
    [
      0,
      1
    ],
    [
      1,
      2
    ],
    [
      5,
      0
    ],
    [
      0,
      6
    ],
    [
      1,
      6
    ]
  ]
}